name,price,location,miles,title,image,link
2003 Nissan 350z Touring Coupe 2D,"$7,500","San Jose, CA",94K miles,2003 Nissan 350z Touring Coupe 2D,https://scontent-sjc3-1.xx.fbcdn.net/v/t39.30808-6/441373368_3722157934739259_6728227116236345362_n.jpg?stp=c43.0.260.260a_dst-jpg_p261x260&_nc_cat=109&ccb=1-7&_nc_sid=5f2048&_nc_ohc=ptGeXUr0lbYQ7kNvgEfO9ua&_nc_ht=scontent-sjc3-1.xx&oh=00_AYC9CUrn4BbCh8B14sOHCYP94K2du08ffi8sixTB4tuLgw&oe=6645E099,facebook.com/marketplace/item/416101551226873/?ref=category_feed&referral_code=undefined&referral_story_type=listing&tracking=%7B%22qid%22%3A%22-2017643486810966111%22%2C%22mf_story_key%22%3A%227670250706424458%22%2C%22commerce_rank_obj%22%3A%22%7B%5C%22target_id%5C%22%3A7670250706424458%2C%5C%22target_type%5C%22%3A0%2C%5C%22primary_position%5C%22%3A0%2C%5C%22ranking_signature%5C%22%3A4388832225022213213%2C%5C%22commerce_channel%5C%22%3A504%2C%5C%22value%5C%22%3A0.026804435548666%2C%5C%22candidate_retrieval_source_map%5C%22%3A%7B%5C%227670250706424458%5C%22%3A111%7D%7D%22%7D&__tn__=!%3AD
2006 Nissan 350z,"$15,995","Hayward, CA",51K miles,2006 Nissan 350z,https://scontent-sjc3-1.xx.fbcdn.net/v/t45.5328-4/438155809_8010510385648496_1109695122120679903_n.jpg?stp=c43.0.260.260a_dst-jpg_p261x260&_nc_cat=110&ccb=1-7&_nc_sid=247b10&_nc_ohc=xq8A8aFwkdMQ7kNvgH8PGQi&_nc_ht=scontent-sjc3-1.xx&oh=00_AYCzFq7v4SGwbGtfDOAlsje5DnlNCDfnrSx5XbyZPVPb4A&oe=6645CF92,facebook.com/marketplace/item/408879738705307/?ref=category_feed&referral_code=undefined&referral_story_type=listing&tracking=%7B%22qid%22%3A%22-2017643486810966111%22%2C%22mf_story_key%22%3A%227353604018080435%22%2C%22commerce_rank_obj%22%3A%22%7B%5C%22target_id%5C%22%3A7353604018080435%2C%5C%22target_type%5C%22%3A0%2C%5C%22primary_position%5C%22%3A1%2C%5C%22ranking_signature%5C%22%3A4388832225022213213%2C%5C%22commerce_channel%5C%22%3A504%2C%5C%22value%5C%22%3A0.014733942483589%2C%5C%22candidate_retrieval_source_map%5C%22%3A%7B%5C%227353604018080435%5C%22%3A111%7D%7D%22%7D&__tn__=!%3AD
2005 Nissan 350z Performance Coupe 2D,"$3,000","Redwood City, CA",248K miles,2005 Nissan 350z Performance Coupe 2D,https://scontent-sjc3-1.xx.fbcdn.net/v/t39.30808-6/440949188_122147281748130141_6895417438815722838_n.jpg?stp=c43.0.260.260a_dst-jpg_p261x260&_nc_cat=103&ccb=1-7&_nc_sid=5f2048&_nc_ohc=x3g4NTo8KgMQ7kNvgHmP_TJ&_nc_ht=scontent-sjc3-1.xx&oh=00_AYCICYj8BVXhhWXGxqykE4mqg4l__Bo_W6bpMITrreMUkw&oe=6645D1F4,facebook.com/marketplace/item/400071713008907/?ref=category_feed&referral_code=undefined&referral_story_type=listing&tracking=%7B%22qid%22%3A%22-2017643486810966111%22%2C%22mf_story_key%22%3A%2225376680071979052%22%2C%22commerce_rank_obj%22%3A%22%7B%5C%22target_id%5C%22%3A25376680071979052%2C%5C%22target_type%5C%22%3A0%2C%5C%22primary_position%5C%22%3A2%2C%5C%22ranking_signature%5C%22%3A4388832225022213213%2C%5C%22commerce_channel%5C%22%3A504%2C%5C%22value%5C%22%3A0.014733938483589%2C%5C%22candidate_retrieval_source_map%5C%22%3A%7B%5C%2225376680071979052%5C%22%3A111%7D%7D%22%7D&__tn__=!%3AD
2005 Nissan 350z 35th Anniversary Coupe 2D,$1,"Sunnyvale, CA",18K miles,2005 Nissan 350z 35th Anniversary Coupe 2D,https://scontent-sjc3-1.xx.fbcdn.net/v/t39.30808-6/441192043_1587871385388702_2042748101636023578_n.jpg?stp=c0.29.261.261a_dst-jpg_p261x260&_nc_cat=109&ccb=1-7&_nc_sid=5f2048&_nc_ohc=ZJrGG8l_eCYQ7kNvgEVisoC&_nc_ht=scontent-sjc3-1.xx&oh=00_AYBRFbNbC2oaT9V5-2uwUTVtHylUJUwfWtts6pyJRrwGLg&oe=6645D00F,facebook.com/marketplace/item/978150643718270/?ref=category_feed&referral_code=undefined&referral_story_type=listing&tracking=%7B%22qid%22%3A%22-2017643486810966111%22%2C%22mf_story_key%22%3A%227784360664929805%22%2C%22commerce_rank_obj%22%3A%22%7B%5C%22target_id%5C%22%3A7784360664929805%2C%5C%22target_type%5C%22%3A0%2C%5C%22primary_position%5C%22%3A3%2C%5C%22ranking_signature%5C%22%3A4388832225022213213%2C%5C%22commerce_channel%5C%22%3A504%2C%5C%22value%5C%22%3A0.0095080906150293%2C%5C%22candidate_retrieval_source_map%5C%22%3A%7B%5C%227784360664929805%5C%22%3A111%7D%7D%22%7D&__tn__=!%3AD
2004 Nissan 350z Touring Coupe 2D,"$3,000","Richmond, CA",90K miles,2004 Nissan 350z Touring Coupe 2D,https://scontent-sjc3-1.xx.fbcdn.net/v/t39.30808-6/441711417_1113253223304023_560935444535046918_n.jpg?stp=c0.29.261.261a_dst-jpg_p261x260&_nc_cat=105&ccb=1-7&_nc_sid=5f2048&_nc_ohc=FKcbTxSNeVkQ7kNvgH82_2u&_nc_ht=scontent-sjc3-1.xx&oh=00_AYDpmA-eLo-CQ0HzZMHlIwpszMFvog6Q23035GOGPf23BQ&oe=6645C4A3,facebook.com/marketplace/item/760258019571236/?ref=category_feed&referral_code=undefined&referral_story_type=listing&tracking=%7B%22qid%22%3A%22-2017643486810966111%22%2C%22mf_story_key%22%3A%227686533844774367%22%2C%22commerce_rank_obj%22%3A%22%7B%5C%22target_id%5C%22%3A7686533844774367%2C%5C%22target_type%5C%22%3A0%2C%5C%22primary_position%5C%22%3A4%2C%5C%22ranking_signature%5C%22%3A4388832225022213213%2C%5C%22commerce_channel%5C%22%3A504%2C%5C%22value%5C%22%3A0.012032927760664%2C%5C%22candidate_retrieval_source_map%5C%22%3A%7B%5C%227686533844774367%5C%22%3A111%7D%7D%22%7D&__tn__=!%3AD
2008 Nissan 350z Touring Roadster 2D,"$12,000","San Mateo, CA",68K miles,2008 Nissan 350z Touring Roadster 2D,https://scontent-sjc3-1.xx.fbcdn.net/v/t39.30808-6/441158962_10223196847418154_2771503104885637051_n.jpg?stp=c0.29.261.261a_dst-jpg_p261x260&_nc_cat=110&ccb=1-7&_nc_sid=5f2048&_nc_ohc=kerXVeGuW6UQ7kNvgGi1Ar0&_nc_ht=scontent-sjc3-1.xx&oh=00_AYDMCTwt84KSIW2Jo61w6tFA8tikpSrvxgnNn2XfKwIccg&oe=6645E756,facebook.com/marketplace/item/408499675395793/?ref=category_feed&referral_code=undefined&referral_story_type=listing&tracking=%7B%22qid%22%3A%22-2017643486810966111%22%2C%22mf_story_key%22%3A%2225402168746065572%22%2C%22commerce_rank_obj%22%3A%22%7B%5C%22target_id%5C%22%3A25402168746065572%2C%5C%22target_type%5C%22%3A0%2C%5C%22primary_position%5C%22%3A5%2C%5C%22ranking_signature%5C%22%3A4388832225022213213%2C%5C%22commerce_channel%5C%22%3A504%2C%5C%22value%5C%22%3A0.022859248348937%2C%5C%22candidate_retrieval_source_map%5C%22%3A%7B%5C%2225402168746065572%5C%22%3A111%7D%7D%22%7D&__tn__=!%3AD
2008 Nissan 350z Coupe 2D,"$8,400","Hayward, CA",88K miles,2008 Nissan 350z Coupe 2D,https://scontent-sjc3-1.xx.fbcdn.net/v/t39.30808-6/438301207_471361878724485_7516374619230597231_n.jpg?stp=c0.77.1283.1283a_dst-jpg_s261x260&_nc_cat=101&ccb=1-7&_nc_sid=5f2048&_nc_ohc=VgvwMZGkKwoQ7kNvgHlYT8Q&_nc_ht=scontent-sjc3-1.xx&oh=00_AYDWWTjWjbE7WyUutDnxXOXPWUCWGygLLxeZqxpOtfUN-A&oe=6645E4C4,facebook.com/marketplace/item/820944343280956/?ref=category_feed&referral_code=undefined&referral_story_type=listing&tracking=%7B%22qid%22%3A%22-2017643486810966111%22%2C%22mf_story_key%22%3A%226945908005510462%22%2C%22commerce_rank_obj%22%3A%22%7B%5C%22target_id%5C%22%3A6945908005510462%2C%5C%22target_type%5C%22%3A0%2C%5C%22primary_position%5C%22%3A6%2C%5C%22ranking_signature%5C%22%3A4388832225022213213%2C%5C%22commerce_channel%5C%22%3A504%2C%5C%22value%5C%22%3A0.014733946483589%2C%5C%22candidate_retrieval_source_map%5C%22%3A%7B%5C%226945908005510462%5C%22%3A111%7D%7D%22%7D&__tn__=!%3AD
2008 Nissan 350z Enthusiast Coupe 2D,"$6,000","Castro Valley, CA",155K miles,2008 Nissan 350z Enthusiast Coupe 2D,https://scontent-sjc3-1.xx.fbcdn.net/v/t39.30808-6/440989871_442454491802551_7025509596324640023_n.jpg?stp=c0.295.1153.1153a_dst-jpg_s261x260&_nc_cat=108&ccb=1-7&_nc_sid=5f2048&_nc_ohc=fSPbCQG264AQ7kNvgEXVZSK&_nc_ht=scontent-sjc3-1.xx&oh=00_AYC1Qh6T0vNQzzRK3ZhMduv3g0h-w3on8o9xCQ_l_NgWPw&oe=6645D373,facebook.com/marketplace/item/1427066384672422/?ref=category_feed&referral_code=undefined&referral_story_type=listing&tracking=%7B%22qid%22%3A%22-2017643486810966111%22%2C%22mf_story_key%22%3A%2225479855024963792%22%2C%22commerce_rank_obj%22%3A%22%7B%5C%22target_id%5C%22%3A25479855024963792%2C%5C%22target_type%5C%22%3A0%2C%5C%22primary_position%5C%22%3A7%2C%5C%22ranking_signature%5C%22%3A4388832225022213213%2C%5C%22commerce_channel%5C%22%3A504%2C%5C%22value%5C%22%3A0.010246842810471%2C%5C%22candidate_retrieval_source_map%5C%22%3A%7B%5C%2225479855024963792%5C%22%3A111%7D%7D%22%7D&__tn__=!%3AD
2005 Nissan 350z Coupe 2D,"$6,600","South San Francisco, CA",180K miles,2005 Nissan 350z Coupe 2D,https://scontent-sjc3-1.xx.fbcdn.net/v/t39.30808-6/439192904_961503075637918_7430376056736932699_n.jpg?stp=c0.29.261.261a_dst-jpg_p261x260&_nc_cat=108&ccb=1-7&_nc_sid=5f2048&_nc_ohc=RINVvoi7LWoQ7kNvgH57abN&_nc_ht=scontent-sjc3-1.xx&oh=00_AYA71Vw7-HcPSB_yt7e3fbPbhKy2GDcTTcSv6hC8lKxCuQ&oe=6645CBB4,facebook.com/marketplace/item/1105257290781103/?ref=category_feed&referral_code=undefined&referral_story_type=listing&tracking=%7B%22qid%22%3A%22-2017643486810966111%22%2C%22mf_story_key%22%3A%227771220446324339%22%2C%22commerce_rank_obj%22%3A%22%7B%5C%22target_id%5C%22%3A7771220446324339%2C%5C%22target_type%5C%22%3A0%2C%5C%22primary_position%5C%22%3A8%2C%5C%22ranking_signature%5C%22%3A4388832225022213213%2C%5C%22commerce_channel%5C%22%3A504%2C%5C%22value%5C%22%3A0.013135828798595%2C%5C%22candidate_retrieval_source_map%5C%22%3A%7B%5C%227771220446324339%5C%22%3A111%7D%7D%22%7D&__tn__=!%3AD
2003 Nissan 350z Performance Coupe 2D,"$9,000","San Jose, CA",122K miles,2003 Nissan 350z Performance Coupe 2D,https://scontent-sjc3-1.xx.fbcdn.net/v/t45.5328-4/436953198_731508865851799_7785806118765315231_n.jpg?stp=c0.43.261.261a_dst-jpg_p261x260&_nc_cat=108&ccb=1-7&_nc_sid=247b10&_nc_ohc=qP15wU-IRxkQ7kNvgHD77cm&_nc_oc=Adi_BVksazbwhXX3J8xZ8wNc-sfuXoHWHpLU_vDELwcqs69tpe44bMotYkyLM_UBczA&_nc_ht=scontent-sjc3-1.xx&oh=00_AYA2vE7X4nIZmIrprKNXZ8qmi84nXBw3OycUIOKipYYK8Q&oe=6645E1AA,facebook.com/marketplace/item/1126509988470086/?ref=category_feed&referral_code=undefined&referral_story_type=listing&tracking=%7B%22qid%22%3A%22-2017643486810966111%22%2C%22mf_story_key%22%3A%227387387344690362%22%2C%22commerce_rank_obj%22%3A%22%7B%5C%22target_id%5C%22%3A7387387344690362%2C%5C%22target_type%5C%22%3A0%2C%5C%22primary_position%5C%22%3A9%2C%5C%22ranking_signature%5C%22%3A4388832225022213213%2C%5C%22commerce_channel%5C%22%3A504%2C%5C%22value%5C%22%3A0.002717010789726%2C%5C%22candidate_retrieval_source_map%5C%22%3A%7B%5C%227387387344690362%5C%22%3A111%7D%7D%22%7D&__tn__=!%3AD
2004 Nissan 350z,"$6,750","Fremont, CA",182K miles,2004 Nissan 350z,https://scontent-sjc3-1.xx.fbcdn.net/v/t45.5328-4/422403440_7630184760349658_5142038325399206872_n.jpg?stp=c43.0.260.260a_dst-jpg_p261x260&_nc_cat=107&ccb=1-7&_nc_sid=247b10&_nc_ohc=PYTLzR21LdAQ7kNvgFAKipN&_nc_ht=scontent-sjc3-1.xx&oh=00_AYAQ99XeIZv59Q1JFIg_BQSEYZDytjPV5oaID1WSlyOCmQ&oe=6645DB85,facebook.com/marketplace/item/1227190571776294/?ref=category_feed&referral_code=undefined&referral_story_type=listing&tracking=%7B%22qid%22%3A%22-2017643486810966111%22%2C%22mf_story_key%22%3A%227328712040515987%22%2C%22commerce_rank_obj%22%3A%22%7B%5C%22target_id%5C%22%3A7328712040515987%2C%5C%22target_type%5C%22%3A0%2C%5C%22primary_position%5C%22%3A10%2C%5C%22ranking_signature%5C%22%3A4388832225022213213%2C%5C%22commerce_channel%5C%22%3A504%2C%5C%22value%5C%22%3A0.011853347548842%2C%5C%22candidate_retrieval_source_map%5C%22%3A%7B%5C%227328712040515987%5C%22%3A111%7D%7D%22%7D&__tn__=!%3AD
2003 Nissan 350z,"$20,000","Mill Valley, CA",60K miles,2003 Nissan 350z,https://scontent-sjc3-1.xx.fbcdn.net/v/t45.5328-4/438024085_1623459811789227_2840757866070662208_n.jpg?stp=c65.0.260.260a_dst-jpg_p261x260&_nc_cat=106&ccb=1-7&_nc_sid=247b10&_nc_ohc=YMjxPn6RMsoQ7kNvgHj3JTL&_nc_ht=scontent-sjc3-1.xx&oh=00_AYAxyUd0XYXveQn_FgpEh72pFmQsCpMUYXD3HNfN0OSyBg&oe=6645B95E,facebook.com/marketplace/item/1159575975043919/?ref=category_feed&referral_code=undefined&referral_story_type=listing&tracking=%7B%22qid%22%3A%22-2017643486810966111%22%2C%22mf_story_key%22%3A%227470527039734631%22%2C%22commerce_rank_obj%22%3A%22%7B%5C%22target_id%5C%22%3A7470527039734631%2C%5C%22target_type%5C%22%3A0%2C%5C%22primary_position%5C%22%3A11%2C%5C%22ranking_signature%5C%22%3A4388832225022213213%2C%5C%22commerce_channel%5C%22%3A504%2C%5C%22value%5C%22%3A0.0048543472159538%2C%5C%22candidate_retrieval_source_map%5C%22%3A%7B%5C%227470527039734631%5C%22%3A111%7D%7D%22%7D&__tn__=!%3AD
2004 Nissan 350z Enthusiast Roadster 2D,"$3,700","San Jose, CA",154K miles,2004 Nissan 350z Enthusiast Roadster 2D,https://scontent-sjc3-1.xx.fbcdn.net/v/t39.30808-6/437968096_1871056023364751_8163816891239072799_n.jpg?stp=c43.0.260.260a_dst-jpg_p261x260&_nc_cat=103&ccb=1-7&_nc_sid=5f2048&_nc_ohc=TaFNpbhB9v4Q7kNvgHOJv0-&_nc_ht=scontent-sjc3-1.xx&oh=00_AYBriDseCQPLQfF3TY2bBSVqIiOr_Vg_TqlJV7cnv5GYXA&oe=6645D750,facebook.com/marketplace/item/1486260188939853/?ref=category_feed&referral_code=undefined&referral_story_type=listing&tracking=%7B%22qid%22%3A%22-2017643486810966111%22%2C%22mf_story_key%22%3A%2225654282027503461%22%2C%22commerce_rank_obj%22%3A%22%7B%5C%22target_id%5C%22%3A25654282027503461%2C%5C%22target_type%5C%22%3A0%2C%5C%22primary_position%5C%22%3A12%2C%5C%22ranking_signature%5C%22%3A4388832225022213213%2C%5C%22commerce_channel%5C%22%3A504%2C%5C%22value%5C%22%3A0.0058181265544091%2C%5C%22candidate_retrieval_source_map%5C%22%3A%7B%5C%2225654282027503461%5C%22%3A111%7D%7D%22%7D&__tn__=!%3AD
2003 Nissan 350z Coupe 2D,$1,"San Jose, CA",1K miles,2003 Nissan 350z Coupe 2D,https://scontent-sjc3-1.xx.fbcdn.net/v/t45.5328-4/435554520_1133293127662205_2172891344222713565_n.jpg?stp=c0.43.261.261a_dst-jpg_p261x260&_nc_cat=101&ccb=1-7&_nc_sid=247b10&_nc_ohc=MQaNLg1tGK8Q7kNvgF1jD55&_nc_ht=scontent-sjc3-1.xx&oh=00_AYC4XIy0tu2e_7f80VLIMUhZ-1qKxANBCIk1eC6ancpdkw&oe=6645DC86,facebook.com/marketplace/item/306247535699679/?ref=category_feed&referral_code=undefined&referral_story_type=listing&tracking=%7B%22qid%22%3A%22-2017643486810966111%22%2C%22mf_story_key%22%3A%2225315985924713508%22%2C%22commerce_rank_obj%22%3A%22%7B%5C%22target_id%5C%22%3A25315985924713508%2C%5C%22target_type%5C%22%3A0%2C%5C%22primary_position%5C%22%3A13%2C%5C%22ranking_signature%5C%22%3A4388832225022213213%2C%5C%22commerce_channel%5C%22%3A504%2C%5C%22value%5C%22%3A0.0091779074587392%2C%5C%22candidate_retrieval_source_map%5C%22%3A%7B%5C%2225315985924713508%5C%22%3A111%7D%7D%22%7D&__tn__=!%3AD
2004 Nissan 350z Enthusiast Coupe 2D,"$5,300","Atherton, CA",96K miles,2004 Nissan 350z Enthusiast Coupe 2D,https://scontent-sjc3-1.xx.fbcdn.net/v/t39.30808-6/439314720_7411303602250365_4295570984380093118_n.jpg?stp=c43.0.260.260a_dst-jpg_p261x260&_nc_cat=102&ccb=1-7&_nc_sid=5f2048&_nc_ohc=gyW_d0HXjJkQ7kNvgE_crP2&_nc_ht=scontent-sjc3-1.xx&oh=00_AYC4pwz8h5PK_L-En8x4eZbGj8Ge33T7QpAViPJaph4wIQ&oe=6645BE7E,facebook.com/marketplace/item/1130073864689105/?ref=category_feed&referral_code=undefined&referral_story_type=listing&tracking=%7B%22qid%22%3A%22-2017643486810966111%22%2C%22mf_story_key%22%3A%227311457758909174%22%2C%22commerce_rank_obj%22%3A%22%7B%5C%22target_id%5C%22%3A7311457758909174%2C%5C%22target_type%5C%22%3A0%2C%5C%22primary_position%5C%22%3A14%2C%5C%22ranking_signature%5C%22%3A4388832225022213213%2C%5C%22commerce_channel%5C%22%3A504%2C%5C%22value%5C%22%3A0.014733941483589%2C%5C%22candidate_retrieval_source_map%5C%22%3A%7B%5C%227311457758909174%5C%22%3A111%7D%7D%22%7D&__tn__=!%3AD
2004 Nissan 350z Enthusiast Coupe 2D,"$8,000","Sunnyvale, CA",105K miles,2004 Nissan 350z Enthusiast Coupe 2D,https://scontent-sjc3-1.xx.fbcdn.net/v/t39.30808-6/437758823_122140148924145534_8718024078295211655_n.jpg?stp=c44.0.260.260a_dst-jpg_p261x260&_nc_cat=102&ccb=1-7&_nc_sid=5f2048&_nc_ohc=_se7Tc4tugoQ7kNvgEHyY9O&_nc_ht=scontent-sjc3-1.xx&oh=00_AYCg3dArFP1zJy1X63KobT_QMBF2YHjlgghTgvpf_1yQYA&oe=6645C677,facebook.com/marketplace/item/1146045093099201/?ref=category_feed&referral_code=undefined&referral_story_type=listing&tracking=%7B%22qid%22%3A%22-2017643486810966111%22%2C%22mf_story_key%22%3A%2225412403508404647%22%2C%22commerce_rank_obj%22%3A%22%7B%5C%22target_id%5C%22%3A25412403508404647%2C%5C%22target_type%5C%22%3A0%2C%5C%22primary_position%5C%22%3A15%2C%5C%22ranking_signature%5C%22%3A4388832225022213213%2C%5C%22commerce_channel%5C%22%3A504%2C%5C%22value%5C%22%3A0.0039029363780733%2C%5C%22candidate_retrieval_source_map%5C%22%3A%7B%5C%2225412403508404647%5C%22%3A111%7D%7D%22%7D&__tn__=!%3AD
2004 Nissan 350z Enthusiast Roadster 2D,"$12,500","Scotts Valley, CA",130K miles,2004 Nissan 350z Enthusiast Roadster 2D,https://scontent-sjc3-1.xx.fbcdn.net/v/t39.30808-6/437352831_10219030723237873_5866221438264376795_n.jpg?stp=c43.0.260.260a_dst-jpg_p261x260&_nc_cat=104&ccb=1-7&_nc_sid=5f2048&_nc_ohc=bTYZCGbt1_AQ7kNvgGir66l&_nc_ht=scontent-sjc3-1.xx&oh=00_AYCobXDTS11zv9pEb68H2_4bAoXa91NSp2T7TGL_n3bpNA&oe=6645CE0E,facebook.com/marketplace/item/837441974826181/?ref=category_feed&referral_code=undefined&referral_story_type=listing&tracking=%7B%22qid%22%3A%22-2017643486810966111%22%2C%22mf_story_key%22%3A%227590270984362206%22%2C%22commerce_rank_obj%22%3A%22%7B%5C%22target_id%5C%22%3A7590270984362206%2C%5C%22target_type%5C%22%3A0%2C%5C%22primary_position%5C%22%3A16%2C%5C%22ranking_signature%5C%22%3A4388832225022213213%2C%5C%22commerce_channel%5C%22%3A504%2C%5C%22value%5C%22%3A0.025526113954714%2C%5C%22candidate_retrieval_source_map%5C%22%3A%7B%5C%227590270984362206%5C%22%3A111%7D%7D%22%7D&__tn__=!%3AD
2004 Nissan 350z Coupe 2D,"$6,000","San Francisco, CA",168K miles,2004 Nissan 350z Coupe 2D,https://scontent-sjc3-1.xx.fbcdn.net/v/t39.30808-6/436351279_3721209078199168_3978418705032883779_n.jpg?stp=c0.295.1153.1153a_dst-jpg_s261x260&_nc_cat=106&ccb=1-7&_nc_sid=5f2048&_nc_ohc=pCO5JJw4umkQ7kNvgFZ2tUz&_nc_ht=scontent-sjc3-1.xx&oh=00_AYB2U1uafFVpQmE_Svpx-f_LgS-9t0ah3zx_6t66g62Wzg&oe=6645EAC3,facebook.com/marketplace/item/1465068821112912/?ref=category_feed&referral_code=undefined&referral_story_type=listing&tracking=%7B%22qid%22%3A%22-2017643486810966111%22%2C%22mf_story_key%22%3A%227404897542932236%22%2C%22commerce_rank_obj%22%3A%22%7B%5C%22target_id%5C%22%3A7404897542932236%2C%5C%22target_type%5C%22%3A0%2C%5C%22primary_position%5C%22%3A17%2C%5C%22ranking_signature%5C%22%3A4388832225022213213%2C%5C%22commerce_channel%5C%22%3A504%2C%5C%22value%5C%22%3A0.010602674073516%2C%5C%22candidate_retrieval_source_map%5C%22%3A%7B%5C%227404897542932236%5C%22%3A111%7D%7D%22%7D&__tn__=!%3AD
2008 Nissan 350z Grand Touring Coupe 2D,"$2,250","Martinez, CA",141K miles,2008 Nissan 350z Grand Touring Coupe 2D,https://scontent-sjc3-1.xx.fbcdn.net/v/t39.30808-6/435256754_7352220521524198_3576835404997026519_n.jpg?stp=c43.0.260.260a_dst-jpg_p261x260&_nc_cat=107&ccb=1-7&_nc_sid=5f2048&_nc_ohc=IQN_eOZ7fJoQ7kNvgEJ1MhQ&_nc_ht=scontent-sjc3-1.xx&oh=00_AYC1UPZWUG-_iCxb24XjDWXbQEt9LZp3HNYP2voqnqRK_g&oe=6645B74A,facebook.com/marketplace/item/808546124633642/?ref=category_feed&referral_code=undefined&referral_story_type=listing&tracking=%7B%22qid%22%3A%22-2017643486810966111%22%2C%22mf_story_key%22%3A%227259628087465759%22%2C%22commerce_rank_obj%22%3A%22%7B%5C%22target_id%5C%22%3A7259628087465759%2C%5C%22target_type%5C%22%3A0%2C%5C%22primary_position%5C%22%3A18%2C%5C%22ranking_signature%5C%22%3A4388832225022213213%2C%5C%22commerce_channel%5C%22%3A504%2C%5C%22value%5C%22%3A0.0068009953334879%2C%5C%22candidate_retrieval_source_map%5C%22%3A%7B%5C%227259628087465759%5C%22%3A111%7D%7D%22%7D&__tn__=!%3AD
2003 Nissan 350z,"$10,999","San Jose, CA",182K miles,2003 Nissan 350z,https://scontent-sjc3-1.xx.fbcdn.net/v/t45.5328-4/432540872_1089836668985054_9155937338726960530_n.jpg?stp=c43.0.260.260a_dst-jpg_p261x260&_nc_cat=109&ccb=1-7&_nc_sid=247b10&_nc_ohc=d8NMIZRjS-AQ7kNvgFRn_NZ&_nc_ht=scontent-sjc3-1.xx&oh=00_AYBHUoq2qPw2aCYN_4rFF-zjl1av0OxP1apt0337t4GGQg&oe=6645C6D1,facebook.com/marketplace/item/685110586978471/?ref=category_feed&referral_code=undefined&referral_story_type=listing&tracking=%7B%22qid%22%3A%22-2017643486810966111%22%2C%22mf_story_key%22%3A%227337414503017263%22%2C%22commerce_rank_obj%22%3A%22%7B%5C%22target_id%5C%22%3A7337414503017263%2C%5C%22target_type%5C%22%3A0%2C%5C%22primary_position%5C%22%3A19%2C%5C%22ranking_signature%5C%22%3A4388832225022213213%2C%5C%22commerce_channel%5C%22%3A504%2C%5C%22value%5C%22%3A0.013349554772624%2C%5C%22candidate_retrieval_source_map%5C%22%3A%7B%5C%227337414503017263%5C%22%3A111%7D%7D%22%7D&__tn__=!%3AD
2005 Nissan 350z Coupe 2D,"$8,000","San Jose, CA",92K miles,2005 Nissan 350z Coupe 2D,https://scontent-sjc3-1.xx.fbcdn.net/v/t39.30808-6/434839504_10161453506576163_9098950871792370461_n.jpg?stp=c0.29.261.261a_dst-jpg_p261x260&_nc_cat=111&ccb=1-7&_nc_sid=5f2048&_nc_ohc=hW5T2c7VB4gQ7kNvgEvZ7Vp&_nc_ht=scontent-sjc3-1.xx&oh=00_AYA9lihmojDcJkFUjAhlgZunhnXkXNI_ohxp67KRvcClNA&oe=6645C4B2,facebook.com/marketplace/item/395957426547422/?ref=category_feed&referral_code=undefined&referral_story_type=listing&tracking=%7B%22qid%22%3A%22-2017643486810966111%22%2C%22mf_story_key%22%3A%227377913838952086%22%2C%22commerce_rank_obj%22%3A%22%7B%5C%22target_id%5C%22%3A7377913838952086%2C%5C%22target_type%5C%22%3A0%2C%5C%22primary_position%5C%22%3A20%2C%5C%22ranking_signature%5C%22%3A4388832225022213213%2C%5C%22commerce_channel%5C%22%3A504%2C%5C%22value%5C%22%3A0.024085388561186%2C%5C%22candidate_retrieval_source_map%5C%22%3A%7B%5C%227377913838952086%5C%22%3A111%7D%7D%22%7D&__tn__=!%3AD
2004 Nissan 350z Performance Coupe 2D,$1,"Concord, CA",12K miles,2004 Nissan 350z Performance Coupe 2D,https://scontent-sjc3-1.xx.fbcdn.net/v/t39.30808-6/434401155_7681443968540574_4197445842189537881_n.jpg?stp=c0.29.261.261a_dst-jpg_p261x260&_nc_cat=101&ccb=1-7&_nc_sid=5f2048&_nc_ohc=OW4oOYbnNJcQ7kNvgH0L3vQ&_nc_ht=scontent-sjc3-1.xx&oh=00_AYCUT3H0HJR5MYZNO8TntHmI-EReWa9eMAn-3nPmL7GzDg&oe=6645CDD0,facebook.com/marketplace/item/402199402518798/?ref=category_feed&referral_code=undefined&referral_story_type=listing&tracking=%7B%22qid%22%3A%22-2017643486810966111%22%2C%22mf_story_key%22%3A%227734509596560625%22%2C%22commerce_rank_obj%22%3A%22%7B%5C%22target_id%5C%22%3A7734509596560625%2C%5C%22target_type%5C%22%3A0%2C%5C%22primary_position%5C%22%3A21%2C%5C%22ranking_signature%5C%22%3A4388832225022213213%2C%5C%22commerce_channel%5C%22%3A504%2C%5C%22value%5C%22%3A0.014733944483589%2C%5C%22candidate_retrieval_source_map%5C%22%3A%7B%5C%227734509596560625%5C%22%3A111%7D%7D%22%7D&__tn__=!%3AD
2005 Nissan 350z Coupe 2D,"$11,000","Sunnyvale, CA",82K miles,2005 Nissan 350z Coupe 2D,https://scontent-sjc3-1.xx.fbcdn.net/v/t39.30808-6/434402484_1724466421295192_3840051661629943651_n.jpg?stp=c0.29.261.261a_dst-jpg_p261x260&_nc_cat=102&ccb=1-7&_nc_sid=5f2048&_nc_ohc=a1HZunlmLFkQ7kNvgG-AoeM&_nc_ht=scontent-sjc3-1.xx&oh=00_AYDCq947XoUEP8XYK72aNH7QPRf-_-7CNUchL-r7qpIOlQ&oe=6645E907,facebook.com/marketplace/item/336789405561380/?ref=category_feed&referral_code=undefined&referral_story_type=listing&tracking=%7B%22qid%22%3A%22-2017643486810966111%22%2C%22mf_story_key%22%3A%227467605766631371%22%2C%22commerce_rank_obj%22%3A%22%7B%5C%22target_id%5C%22%3A7467605766631371%2C%5C%22target_type%5C%22%3A0%2C%5C%22primary_position%5C%22%3A22%2C%5C%22ranking_signature%5C%22%3A4388832225022213213%2C%5C%22commerce_channel%5C%22%3A504%2C%5C%22value%5C%22%3A0.011394485707035%2C%5C%22candidate_retrieval_source_map%5C%22%3A%7B%5C%227467605766631371%5C%22%3A111%7D%7D%22%7D&__tn__=!%3AD
2004 Nissan 350z Coupe 2D,"$12,000","San Jose, CA",160K miles,2004 Nissan 350z Coupe 2D,https://scontent-sjc3-1.xx.fbcdn.net/v/t39.30808-6/434132349_394540296553620_8272219492043441046_n.jpg?stp=c0.21.261.261a_dst-jpg_p261x260&_nc_cat=101&ccb=1-7&_nc_sid=5f2048&_nc_ohc=4iHZE2fouxkQ7kNvgFEK5Jb&_nc_oc=AdiLK9wsID-OaVZKbjK1wvytJmTad4f8RidrdxXSpOskGihw7SQqsW7Ra5RL6hxNoG8&_nc_ht=scontent-sjc3-1.xx&oh=00_AYDqqj0B1EN2vgk-pT75EWwGn7XxytAop_2wsjV8MHGf9A&oe=6645E0D7,facebook.com/marketplace/item/932391051652487/?ref=category_feed&referral_code=undefined&referral_story_type=listing&tracking=%7B%22qid%22%3A%22-2017643486810966111%22%2C%22mf_story_key%22%3A%227400533106671182%22%2C%22commerce_rank_obj%22%3A%22%7B%5C%22target_id%5C%22%3A7400533106671182%2C%5C%22target_type%5C%22%3A0%2C%5C%22primary_position%5C%22%3A23%2C%5C%22ranking_signature%5C%22%3A4388832225022213213%2C%5C%22commerce_channel%5C%22%3A504%2C%5C%22value%5C%22%3A0.011656965386863%2C%5C%22candidate_retrieval_source_map%5C%22%3A%7B%5C%227400533106671182%5C%22%3A111%7D%7D%22%7D&__tn__=!%3AD
